Designator,Footprint,Quantity,Value,LCSC Part #
D44,LED_WS2812B_PLCC4_5.0x5.0mm_P3.2mm,1,WS2812B,
C51,C_0603_1608Metric,1,1uF,
C44,C_0603_1608Metric,1,1uF,
C22,C_0603_1608Metric,1,1uF,
D28,LED_WS2812B_PLCC4_5.0x5.0mm_P3.2mm,1,WS2812B,
D26,LED_WS2812B_PLCC4_5.0x5.0mm_P3.2mm,1,WS2812B,
D52,LED_WS2812B_PLCC4_5.0x5.0mm_P3.2mm,1,WS2812B,
C16,C_0603_1608Metric,1,1uF,
D9,LED_WS2812B_PLCC4_5.0x5.0mm_P3.2mm,1,WS2812B,
C15,C_0603_1608Metric,1,1uF,
C53,C_0603_1608Metric,1,1uF,
D42,LED_WS2812B_PLCC4_5.0x5.0mm_P3.2mm,1,WS2812B,
D14,LED_WS2812B_PLCC4_5.0x5.0mm_P3.2mm,1,WS2812B,
C38,C_0603_1608Metric,1,1uF,
D7,LED_WS2812B_PLCC4_5.0x5.0mm_P3.2mm,1,WS2812B,
C48,C_0603_1608Metric,1,1uF,
D13,LED_WS2812B_PLCC4_5.0x5.0mm_P3.2mm,1,WS2812B,
D55,LED_WS2812B_PLCC4_5.0x5.0mm_P3.2mm,1,WS2812B,
D16,LED_WS2812B_PLCC4_5.0x5.0mm_P3.2mm,1,WS2812B,
D31,LED_WS2812B_PLCC4_5.0x5.0mm_P3.2mm,1,WS2812B,
C3,C_0603_1608Metric,1,1uF,
D23,LED_WS2812B_PLCC4_5.0x5.0mm_P3.2mm,1,WS2812B,
C27,C_0603_1608Metric,1,1uF,
C4,C_0603_1608Metric,1,1uF,
C18,C_0603_1608Metric,1,1uF,
C56,C_0603_1608Metric,1,1uF,
C11,C_0603_1608Metric,1,1uF,
C32,C_0603_1608Metric,1,1uF,
D2,LED_WS2812B_PLCC4_5.0x5.0mm_P3.2mm,1,WS2812B,
D51,LED_WS2812B_PLCC4_5.0x5.0mm_P3.2mm,1,WS2812B,
C42,C_0603_1608Metric,1,1uF,
C6,C_0603_1608Metric,1,1uF,
D18,LED_WS2812B_PLCC4_5.0x5.0mm_P3.2mm,1,WS2812B,
D45,LED_WS2812B_PLCC4_5.0x5.0mm_P3.2mm,1,WS2812B,
D61,LED_WS2812B_PLCC4_5.0x5.0mm_P3.2mm,1,WS2812B,
D24,LED_WS2812B_PLCC4_5.0x5.0mm_P3.2mm,1,WS2812B,
D50,LED_WS2812B_PLCC4_5.0x5.0mm_P3.2mm,1,WS2812B,
C20,C_0603_1608Metric,1,1uF,
D35,LED_WS2812B_PLCC4_5.0x5.0mm_P3.2mm,1,WS2812B,
D6,LED_WS2812B_PLCC4_5.0x5.0mm_P3.2mm,1,WS2812B,
C52,C_0603_1608Metric,1,1uF,
C55,C_0603_1608Metric,1,1uF,
D48,LED_WS2812B_PLCC4_5.0x5.0mm_P3.2mm,1,WS2812B,
C37,C_0603_1608Metric,1,1uF,
C24,C_0603_1608Metric,1,1uF,
C21,C_0603_1608Metric,1,1uF,
D30,LED_WS2812B_PLCC4_5.0x5.0mm_P3.2mm,1,WS2812B,
C43,C_0603_1608Metric,1,1uF,
C59,C_0603_1608Metric,1,1uF,
D56,LED_WS2812B_PLCC4_5.0x5.0mm_P3.2mm,1,WS2812B,
C36,C_0603_1608Metric,1,1uF,
D12,LED_WS2812B_PLCC4_5.0x5.0mm_P3.2mm,1,WS2812B,
D54,LED_WS2812B_PLCC4_5.0x5.0mm_P3.2mm,1,WS2812B,
D1,LED_WS2812B_PLCC4_5.0x5.0mm_P3.2mm,1,WS2812B,
C1,C_0603_1608Metric,1,1uF,
C35,C_0603_1608Metric,1,1uF,
C26,C_0603_1608Metric,1,1uF,
D46,LED_WS2812B_PLCC4_5.0x5.0mm_P3.2mm,1,WS2812B,
D40,LED_WS2812B_PLCC4_5.0x5.0mm_P3.2mm,1,WS2812B,
D39,LED_WS2812B_PLCC4_5.0x5.0mm_P3.2mm,1,WS2812B,
C40,C_0603_1608Metric,1,1uF,
D43,LED_WS2812B_PLCC4_5.0x5.0mm_P3.2mm,1,WS2812B,
C41,C_0603_1608Metric,1,1uF,
D17,LED_WS2812B_PLCC4_5.0x5.0mm_P3.2mm,1,WS2812B,
D47,LED_WS2812B_PLCC4_5.0x5.0mm_P3.2mm,1,WS2812B,
C47,C_0603_1608Metric,1,1uF,
D3,LED_WS2812B_PLCC4_5.0x5.0mm_P3.2mm,1,WS2812B,
C31,C_0603_1608Metric,1,1uF,
C17,C_0603_1608Metric,1,1uF,
D34,LED_WS2812B_PLCC4_5.0x5.0mm_P3.2mm,1,WS2812B,
D21,LED_WS2812B_PLCC4_5.0x5.0mm_P3.2mm,1,WS2812B,
C45,C_0603_1608Metric,1,1uF,
C28,C_0603_1608Metric,1,1uF,
D20,LED_WS2812B_PLCC4_5.0x5.0mm_P3.2mm,1,WS2812B,
C57,C_0603_1608Metric,1,1uF,
C2,C_0603_1608Metric,1,1uF,
D4,LED_WS2812B_PLCC4_5.0x5.0mm_P3.2mm,1,WS2812B,
C61,C_0603_1608Metric,1,1uF,
D5,LED_WS2812B_PLCC4_5.0x5.0mm_P3.2mm,1,WS2812B,
C39,C_0603_1608Metric,1,1uF,
D15,LED_WS2812B_PLCC4_5.0x5.0mm_P3.2mm,1,WS2812B,
C10,C_0603_1608Metric,1,1uF,
C50,C_0603_1608Metric,1,1uF,
C7,C_0603_1608Metric,1,1uF,
D22,LED_WS2812B_PLCC4_5.0x5.0mm_P3.2mm,1,WS2812B,
C25,C_0603_1608Metric,1,1uF,
C5,C_0603_1608Metric,1,1uF,
C54,C_0603_1608Metric,1,1uF,
C8,C_0603_1608Metric,1,1uF,
D27,LED_WS2812B_PLCC4_5.0x5.0mm_P3.2mm,1,WS2812B,
D49,LED_WS2812B_PLCC4_5.0x5.0mm_P3.2mm,1,WS2812B,
C14,C_0603_1608Metric,1,1uF,
D8,LED_WS2812B_PLCC4_5.0x5.0mm_P3.2mm,1,WS2812B,
C49,C_0603_1608Metric,1,1uF,
C58,C_0603_1608Metric,1,1uF,
D59,LED_WS2812B_PLCC4_5.0x5.0mm_P3.2mm,1,WS2812B,
C19,C_0603_1608Metric,1,1uF,
C13,C_0603_1608Metric,1,1uF,
D37,LED_WS2812B_PLCC4_5.0x5.0mm_P3.2mm,1,WS2812B,
D60,LED_WS2812B_PLCC4_5.0x5.0mm_P3.2mm,1,WS2812B,
D29,LED_WS2812B_PLCC4_5.0x5.0mm_P3.2mm,1,WS2812B,
D58,LED_WS2812B_PLCC4_5.0x5.0mm_P3.2mm,1,WS2812B,
C29,C_0603_1608Metric,1,1uF,
D32,LED_WS2812B_PLCC4_5.0x5.0mm_P3.2mm,1,WS2812B,
C23,C_0603_1608Metric,1,1uF,
D19,LED_WS2812B_PLCC4_5.0x5.0mm_P3.2mm,1,WS2812B,
D33,LED_WS2812B_PLCC4_5.0x5.0mm_P3.2mm,1,WS2812B,
D36,LED_WS2812B_PLCC4_5.0x5.0mm_P3.2mm,1,WS2812B,
C34,C_0603_1608Metric,1,1uF,
C33,C_0603_1608Metric,1,1uF,
D41,LED_WS2812B_PLCC4_5.0x5.0mm_P3.2mm,1,WS2812B,
C60,C_0603_1608Metric,1,1uF,
D10,LED_WS2812B_PLCC4_5.0x5.0mm_P3.2mm,1,WS2812B,
D57,LED_WS2812B_PLCC4_5.0x5.0mm_P3.2mm,1,WS2812B,
C46,C_0603_1608Metric,1,1uF,
D53,LED_WS2812B_PLCC4_5.0x5.0mm_P3.2mm,1,WS2812B,
C30,C_0603_1608Metric,1,1uF,
C12,C_0603_1608Metric,1,1uF,
D11,LED_WS2812B_PLCC4_5.0x5.0mm_P3.2mm,1,WS2812B,
D38,LED_WS2812B_PLCC4_5.0x5.0mm_P3.2mm,1,WS2812B,
C9,C_0603_1608Metric,1,1uF,
D25,LED_WS2812B_PLCC4_5.0x5.0mm_P3.2mm,1,WS2812B,
U1,PixelBlazePico,1,PixelBlazePico,
J2,PinHeader_1x02_P2.54mm_Vertical,1,CONN_02,
